,Industrials,Basic Materials,Financials,Consumer Services,Health Care,Utilities,Oil & Gas,Consumer Goods
Industrials,0.0013125462723570752,0.0009119990074016078,0.0008752297339830914,0.0004298583058668085,5.369226081762665e-05,0.0002737428352501078,0.0003916581721931735,0.0005073034298519685
Basic Materials,0.0016263350236644777,0.0009404482624747817,0.001284741087113745,0.00025120105588918943,0.00023619731685469475,0.00031420738024185357,0.000454473576272393,0.0005537052170787181
Financials,0.0008752297339830914,0.001284741087113745,0.00030931961607717973,0.00043526282512721233,8.722425817740489e-05,0.0004585348851520621,0.00014502203163962524,0.0005737062701750784
Consumer Services,0.00043002355957643914,0.0006833348495930996,0.00043526282512721233,0.000428570527473106,-0.00014274386002986235,-0.0002893905123720421,0.00010624185227231995,0.0006828465136992439
Health Care,-2.1170935423258413e-05,-7.9517264814826e-05,8.722425817740489e-05,0.00019742530551419358,3.636394470274735e-05,-0.00020070318955894362,-0.0003416164996662006,-0.00017142478405124235
Utilities,0.00018802407159654866,6.863900163038839e-05,0.0004585348851520621,-0.00012923831540359349,-0.00017815288518678544,0.0003907868640226678,3.44834648859514e-05,0.00015717816048248828
Oil & Gas,0.0004899499040382402,0.0003651599616001303,0.00014502203163962524,4.738733506805458e-05,-0.00032375120594790386,-9.215278880293974e-05,0.000435590237076422,-0.00011292977432563982
Consumer Goods,0.0005385033170860412,0.000727316027103475,0.0005737062701750784,0.0004236119548476961,-5.186725893920092e-05,8.657069676989426e-05,-0.0002466832865968049,0.0008840737928189814
