,Industrials,Basic Materials,Financials,Consumer Services,Health Care,Utilities,Oil & Gas,Consumer Goods
Industrials,7.014458977945061e-07,6.179856933453958e-07,5.282558063618268e-07,2.680681383421724e-07,3.4009042655271476e-07,1.576950454185586e-07,2.61381865615163e-07,5.604443042956286e-07
Basic Materials,6.841391222485218e-07,1.770978721406888e-06,9.184212612769109e-07,4.1501602736446404e-07,7.124115063888077e-07,1.2287989267522307e-07,2.868744588466334e-07,3.984670127568352e-07
Financials,6.828190765664012e-07,6.573512275936551e-07,1.3390617132620613e-06,3.912639172534376e-07,2.0217690928917524e-06,2.2537284805934603e-07,2.1515092585436003e-07,5.249811833943739e-07
Consumer Services,3.140826646521687e-07,3.4062743067578416e-07,5.635273634702482e-07,2.2182464960453185e-07,1.1294770011614335e-06,1.3364795430340418e-07,2.1122119163423017e-07,2.446434171574124e-07
Health Care,3.0260786582183215e-07,7.091212950967813e-07,2.2531811108373604e-06,1.223812900361942e-06,8.767759123303297e-07,2.557368794495516e-07,8.100285104041809e-07,1.2120093328088065e-06
Utilities,9.8471630614837e-08,9.936975203900012e-08,2.1583087992370712e-07,1.20697665466873e-07,2.7677137198566985e-07,5.78024049438469e-07,1.2156944998198812e-07,8.936313105455728e-08
Oil & Gas,2.618179625804273e-07,3.3821335912601014e-07,2.794936055535868e-07,1.2450389804337525e-07,9.419741642065967e-07,1.283060714434743e-07,4.56251299086296e-07,1.7849494477281464e-07
Consumer Goods,3.7187833443679717e-07,5.65434635979172e-07,4.7108459362559635e-07,2.413924522963578e-07,1.2402241031376637e-06,9.523480953436156e-08,2.5202985190257385e-07,7.971504775328591e-07
