,Industrials,Basic Materials,Financials,Consumer Services,Health Care,Utilities,Oil & Gas,Consumer Goods
Industrials,1.477723847939264e-06,5.691208915179602e-07,4.1874179591360016e-07,3.671846988511364e-07,1.1384954895577705e-07,2.1301159822256063e-06,2.7104100955795154e-07,5.590779437674899e-07
Basic Materials,5.322361246613451e-07,1.0737041013970185e-06,3.4562525433057895e-07,2.7932771573857247e-07,1.9655265954762579e-07,4.976447517909567e-07,4.923400389815723e-07,3.783644008109951e-07
Financials,5.3174058428594e-07,4.082482890126765e-07,1.7956597900104802e-06,2.8641891918597084e-07,1.5559352620370188e-07,2.3664043713367725e-06,4.5581383801656066e-07,3.1622153063036017e-07
Consumer Services,3.0241808156959774e-07,1.6923071572334484e-07,3.3070278509087987e-07,1.7870365184813575e-07,8.810688216952817e-08,6.397453539469238e-07,1.4151567120797846e-07,1.3558523054391934e-07
Health Care,1.2945722256541583e-07,1.5682223739378322e-07,2.59059301351404e-07,1.4273646368615638e-07,2.8623340352950666e-07,5.909579804780167e-07,1.0078340830837025e-07,8.379629809229303e-08
Utilities,2.0934643646535544e-06,4.558149251521182e-07,2.305855154290201e-06,6.934444791214984e-07,5.199518206295276e-07,7.172899784096575e-06,1.2500494393500958e-06,8.907419353172674e-07
Oil & Gas,4.5046597894846737e-07,5.208483759831337e-07,3.6213077423409955e-07,1.0237556880670025e-07,6.61834464194377e-08,1.1904509635195761e-06,2.031918903773524e-06,2.8855496049469193e-07
Consumer Goods,4.3052595761648967e-07,3.3871601903776493e-07,3.402829010525204e-07,2.53186177624497e-07,9.87279496063523e-08,9.106474214084362e-07,2.9031379758294535e-07,1.2482454761748958e-06
