,Industrials,Basic Materials,Financials,Consumer Services,Health Care,Utilities,Oil & Gas,Consumer Goods
Industrials,0.010985318869866667,0.009005456828805894,0.0064392605775056245,0.005297769251653321,0.00790801329140444,0.004906628479880133,0.0038482151510311536,0.00819502825804151
Basic Materials,0.009244639896264374,0.01133281569659682,0.0071067450543029,0.0060168164350452615,0.0060252762693497885,0.0038456797034689214,0.00463231720679508,0.006389092994662057
Financials,0.007246830627555845,0.006044334425005645,0.006765408719080605,0.004738258488035469,0.008329538413846775,0.004133807296656013,0.0032835147202537663,0.004827223870764502
Consumer Services,0.005751815388781217,0.004691610859482052,0.004618761757738638,0.005077191727655522,0.00595393540922332,0.0031225670200855,0.0027023225474431495,0.004106903584518922
Health Care,0.00790801329140444,0.0060252762693497885,0.008329538413846775,0.00595393540922332,0.011802354105360496,0.004690724516912027,0.0037810832906861537,0.006907081392918953
Utilities,0.00482223305958503,0.003774844222638534,0.004545476353290428,0.003044747029280183,0.004690724516912027,0.008063329454119967,0.003282096060138568,0.003770238864677733
Oil & Gas,0.0045598205817387475,0.0044180127782113285,0.0033652996926213405,0.002676945729815066,0.0037810832906861537,0.002804006637317594,0.004998074110946536,0.003037884579175097
Consumer Goods,0.00596662549466549,0.005406919929987268,0.005535218623699669,0.00485033750326108,0.006907081392918953,0.003783668810423275,0.003075231961045669,0.006003427565610834
