,Industrials,Basic Materials,Financials,Consumer Services,Health Care,Utilities,Oil & Gas,Consumer Goods
Industrials,6.139500297353959e-06,8.778604612562257e-06,1.4998555542512932e-06,6.545092791603689e-07,2.2677316098667865e-07,4.199692184512321e-07,1.0769221175017346e-06,2.5140030381566602e-06
Basic Materials,8.453701314049894e-06,3.1043286430797963e-06,6.221965494795685e-06,1.7166176291895396e-06,1.0422714596689441e-06,6.26959884079571e-07,3.841100261162788e-06,2.9426825329218636e-06
Financials,1.965267850211621e-06,6.510511982070736e-06,2.0236179065053635e-06,5.237456335104604e-07,4.017021192685667e-07,3.2974318768930134e-07,6.878263495377471e-07,1.812328756233863e-06
Consumer Services,6.095531085310883e-07,1.6285096623056909e-06,1.342913383891256e-06,6.922891451667788e-07,2.0269542159463533e-07,1.472855136949983e-07,3.5301922044573293e-07,5.92911447630379e-07
Health Care,3.889444119807377e-07,9.979364605231813e-07,4.129162191911165e-07,2.1443238751147616e-07,4.3622796887616487e-07,7.854093671348292e-08,1.7513430199536747e-07,4.3734773178698076e-07
Utilities,2.5162407705064155e-07,5.90128888246514e-07,1.6222980097679594e-07,1.2330521770864417e-07,6.582451183092261e-08,2.658239803522894e-07,2.80303876243395e-07,2.287144566175517e-07
Oil & Gas,1.0153937468213793e-06,4.204458549433329e-06,1.1010308308083472e-06,2.1216267728834395e-07,1.6640812360288048e-07,3.5031210575034824e-07,3.6073543720902857e-06,9.14059648966238e-07
Consumer Goods,2.4007043722064447e-06,2.903168238141309e-06,1.3789982874733088e-06,8.748657341183848e-07,2.727992772379595e-07,1.768031858855863e-07,8.99729291338753e-07,6.07259319908884e-06
