,Industrials,Basic Materials,Financials,Consumer Services,Health Care,Utilities,Oil & Gas,Consumer Goods
Industrials,2.0858726595253746e-06,1.890123342376736e-06,8.404199041625682e-07,4.511792550090811e-07,2.5453422579774475e-07,3.548913127368287e-07,1.682191202698712e-06,1.2454474375303377e-06
Basic Materials,1.6831311303468616e-06,6.450909313609338e-06,1.0809628397500245e-06,3.2008497217434927e-07,2.833896094502865e-07,4.793035093170192e-07,6.116937625926962e-06,1.2488257810805607e-06
Financials,1.5608577402918282e-06,1.9016909734946513e-06,1.1140864315306825e-06,5.960075560379334e-07,1.895102126986434e-07,3.4882571036889337e-07,3.567613311804066e-06,9.596006551739357e-07
Consumer Services,3.1545464794554437e-07,5.045095458525631e-07,5.94979070254616e-07,3.457916015101313e-07,6.54681206794899e-08,1.3520359147552858e-07,1.3635638291294933e-06,4.5476405328908617e-07
Health Care,3.82716815937421e-07,3.2460212179551847e-07,1.3068222387042402e-07,1.1776768394692467e-07,1.0079310070444987e-06,1.0960763852377653e-07,4.834311838514217e-07,2.0815774296468182e-07
Utilities,6.906442080358903e-07,4.866804432239042e-07,4.1170070268509297e-07,1.9134467988345573e-07,1.3023989740111727e-07,1.2361549759783419e-06,1.871686976254443e-06,2.5699959912236435e-07
Oil & Gas,1.6315828002905914e-06,6.293550722346526e-06,3.752426260012157e-06,1.432472609982488e-06,4.5329701852960327e-07,1.96653734936835e-06,1.846742650155818e-05,3.3179559061883485e-06
Consumer Goods,1.4561944193325692e-06,1.1042342520560275e-06,7.96637904061591e-07,3.446752755048619e-07,2.3366620723367758e-07,2.445000982336641e-07,2.948847838798777e-06,3.048426259688598e-06
