,Industrials,Basic Materials,Financials,Consumer Services,Health Care,Utilities,Oil & Gas,Consumer Goods
Industrials,0.023792365410480697,0.02206403586854007,0.014522547324213474,0.012253683646375635,0.0099153739956054,0.008019601374780437,0.011391612996411556,0.014886165898808944
Basic Materials,0.02206403586854007,0.02391428821978967,0.013701742005528093,0.011356020831881015,0.008995486337472058,0.007184369826312387,0.012935810398365624,0.014011420699628352
Financials,0.014522547324213474,0.013701742005528093,0.011368853303144235,0.008573430042957826,0.006933361814193341,0.006546207214386639,0.007050281766077797,0.010064830519150516
Consumer Services,0.012253683646375635,0.011356020831881001,0.008573430042957821,0.008488366358890088,0.0059295701929877945,0.0045865710514745505,0.0054685438251695275,0.00873478407728773
Health Care,0.0099153739956054,0.008995486337472077,0.006933361814193331,0.005929570192987788,0.007295049601295276,0.004715910729068037,0.004509333183204559,0.006758682561483295
Utilities,0.008019601374780437,0.0071843698263123895,0.006546207214386628,0.004586571051474586,0.004715910729068059,0.00833064051542437,0.005093669375537931,0.005846484191911746
Oil & Gas,0.011391612996411556,0.012935810398365595,0.0070502817660777995,0.005468543825169518,0.004509333183204577,0.005093669375537914,0.012586112053533625,0.006754016923795407
Consumer Goods,0.014886165898808944,0.01401142069962832,0.01006483051915051,0.008734784077287719,0.006758682561483331,0.005846484191911753,0.006754016923795396,0.010924913653806738
