,Industrials,Basic Materials,Financials,Consumer Services,Health Care,Utilities,Oil & Gas,Consumer Goods
Industrials,0.07490558134514312,0.06918782520718596,0.05808811598959064,0.04649412076386013,0.044416667742876184,0.08989627953993447,0.0478411278754682,0.05614916606752889
Basic Materials,0.06918782520718596,0.08329971288895315,0.0557388373753291,0.04319556409970333,0.0410394273431591,0.08761086591908974,0.05674146670927732,0.053834513675778024
Financials,0.05808811598959064,0.0557388373753291,0.06434283380712678,0.044624217359312025,0.04349757737892822,0.09217256634823452,0.04322874247240765,0.051505398691871464
Consumer Services,0.046494120763860156,0.04319556409970332,0.044624217359312025,0.040857496166554964,0.034287466576801796,0.08239115389001245,0.031427299305000406,0.04182549518537206
Health Care,0.044416667742876184,0.04103942734315909,0.043497577378928225,0.034287466576801796,0.047257674640694455,0.0849848302586122,0.032955653497578334,0.03979316030503675
Utilities,0.08989627953993447,0.08761086591908974,0.09217256634823452,0.08239115389001245,0.0849848302586122,0.14554750757665008,0.0871374620149561,0.08808718993139027
Oil & Gas,0.04784112787546819,0.056741466709277356,0.043228742472407634,0.031427299305000427,0.03295565349757829,0.0871374620149561,0.09068088647227796,0.03860463604722493
Consumer Goods,0.05614916606752893,0.05383451367577801,0.05150539869187145,0.041825495185372076,0.03979316030503673,0.08808718993139027,0.03860463604722495,0.05710382787498138
