,Industrials,Basic Materials,Financials,Consumer Services,Health Care,Utilities,Oil & Gas,Consumer Goods
Industrials,0.07981081911943888,0.0742042838539532,0.058311630733846764,0.05285131324291994,0.058563296332917174,0.04441666774287618,0.048230349555720066,0.05899363127324295
Basic Materials,0.07420428385395317,0.08790338643613321,0.05591704268575953,0.04964631666252852,0.0557802262590835,0.04103942734315911,0.05729598224695577,0.056732450834526736
Financials,0.05831163073384678,0.05591704268575952,0.059658689554877076,0.04498098685283454,0.05227105571585318,0.04349757737892822,0.03702587549563675,0.04880417823795551
Consumer Services,0.05285131324291994,0.04964631666252852,0.04498098685283454,0.047743601628938724,0.04973758355581869,0.03428746657680181,0.03148571352457128,0.04525437947118636
Health Care,0.058563296332917174,0.0557802262590835,0.05227105571585318,0.04973758355581869,0.0673509585085453,0.047257674640694455,0.04244851837308184,0.05174056772702362
Utilities,0.04441666774287618,0.04103942734315913,0.04349757737892824,0.03428746657680182,0.047257674640694455,0.0849848302586122,0.032955653497578376,0.03979316030503673
Oil & Gas,0.048230349555720045,0.0572959822469558,0.03702587549563674,0.031485713524571295,0.04244851837308184,0.032955653497578404,0.08580788537815186,0.03516566019510533
Consumer Goods,0.058993631273242954,0.05673245083452673,0.0488041782379555,0.045254379471186386,0.05174056772702362,0.03979316030503671,0.035165660195105336,0.05730863396415408
