,Industrials,Basic Materials,Financials,Consumer Services,Health Care,Utilities,Oil & Gas,Consumer Goods
Industrials,0.0849380926533503,0.07964269141455246,0.06366802181069486,0.06281298847438022,0.05285131324291995,0.04649412076386016,0.05272409963369218,0.06477172704156822
Basic Materials,0.07964269141455245,0.09296074138176955,0.06142348055637406,0.060138588248935955,0.0496463166625285,0.043195564099703355,0.06175015512955119,0.06262223984899228
Financials,0.06366802181069486,0.06142348055637406,0.06430881851857032,0.054981165204880354,0.04498098685283454,0.044624217359312046,0.040717339162324576,0.054476009441013364
Consumer Services,0.06281298847438022,0.060138588248935955,0.054981165204880354,0.061556487971473374,0.047743601628938724,0.040857496166554964,0.04096201457845245,0.05584544348818674
Health Care,0.05285131324291995,0.049646316662528465,0.04498098685283455,0.047743601628938724,0.04973758355581869,0.03428746657680181,0.031485713524571246,0.045254379471186344
Utilities,0.04649412076386014,0.0431955640997033,0.04462421735931205,0.040857496166554964,0.034287466576801776,0.08239115389001245,0.03142729930500046,0.04182549518537205
Oil & Gas,0.05272409963369215,0.06175015512955121,0.040717339162324555,0.04096201457845245,0.031485713524571225,0.03142729930500047,0.0868627738128778,0.03970814010614949
Consumer Goods,0.06477172704156822,0.06262223984899225,0.054476009441013364,0.05584544348818674,0.045254379471186344,0.04182549518537205,0.039708140106149516,0.06355870133973554
