,Industrials,Basic Materials,Financials,Consumer Services,Health Care,Utilities,Oil & Gas,Consumer Goods
Industrials,0.09144711831006491,0.0866666926037635,0.0793340580084569,0.06366802181069486,0.05831163073384678,0.05808811598959064,0.05990441344564383,0.07064099374446212
Basic Materials,0.0866666926037635,0.09965459015650409,0.07766987001034437,0.06142348055637408,0.055917042685759547,0.05573883737532912,0.06870737895911447,0.06905592132253084
Financials,0.0793340580084569,0.07766987001034437,0.08711345759211885,0.06430881851857032,0.059658689554877076,0.06434283380712678,0.058007914103127764,0.06913530251459099
Consumer Services,0.06366802181069486,0.061423480556374095,0.06430881851857032,0.054981165204880354,0.04498098685283454,0.04462421735931204,0.040717339162324576,0.054476009441013364
Health Care,0.05831163073384678,0.05591704268575953,0.059658689554877076,0.04498098685283453,0.05227105571585318,0.043497577378928225,0.037025875495636726,0.04880417823795551
Utilities,0.05808811598959063,0.0557388373753291,0.06434283380712678,0.04462421735931202,0.04349757737892818,0.09217256634823452,0.043228742472407676,0.051505398691871464
Oil & Gas,0.05990441344564383,0.06870737895911452,0.058007914103127764,0.04071733916232458,0.037025875495636684,0.043228742472407676,0.0919268842898815,0.045770167853274556
Consumer Goods,0.07064099374446213,0.06905592132253084,0.06913530251459099,0.054476009441013384,0.04880417823795549,0.051505398691871464,0.045770167853274576,0.06767883550293706
