,Industrials,Basic Materials,Financials,Consumer Services,Health Care,Utilities,Oil & Gas,Consumer Goods
Industrials,0.11861728024390521,0.11188032368995539,0.09144711831006491,0.0849380926533503,0.07981081911943888,0.07490558134514312,0.08360981094163548,0.09242058068292718
Basic Materials,0.11188032368995539,0.11987262827709136,0.0866666926037635,0.07964269141455248,0.07420428385395322,0.06918782520718599,0.08765915787532945,0.08781075517900586
Financials,0.09144711831006491,0.0866666926037635,0.0793340580084569,0.06366802181069484,0.05831163073384677,0.05808811598959064,0.05990441344564383,0.07064099374446212
Consumer Services,0.0849380926533503,0.07964269141455246,0.06366802181069485,0.06281298847438022,0.05285131324291994,0.04649412076386016,0.05272409963369215,0.06477172704156822
Health Care,0.07981081911943888,0.07420428385395318,0.05831163073384678,0.05285131324291994,0.058563296332917174,0.044416667742876184,0.048230349555720003,0.05899363127324293
Utilities,0.07490558134514312,0.06918782520718597,0.05808811598959065,0.04649412076386013,0.044416667742876156,0.08989627953993447,0.04784112787546823,0.0561491660675289
Oil & Gas,0.08360981094163548,0.08765915787532946,0.05990441344564382,0.05272409963369218,0.04823034955571998,0.04784112787546826,0.10139225522781058,0.05950863173461413
Consumer Goods,0.09242058068292718,0.08781075517900583,0.0706409937444621,0.06477172704156824,0.05899363127324292,0.056149166067528886,0.059508631734614174,0.07947828863159785
