,Industrials,Basic Materials,Financials,Consumer Services,Health Care,Utilities,Oil & Gas,Consumer Goods
Industrials,2.6808437496518664e-06,4.417513020684567e-06,5.184333911489385e-06,1.2711685554868504e-06,4.85011004395244e-07,5.29032294753692e-07,1.2622590986564857e-06,2.1423453300286366e-06
Basic Materials,2.8424752242461264e-06,1.1477818094733183e-05,3.7110456122507887e-06,7.330850179632328e-07,6.008607070834817e-07,4.2403904768529806e-07,1.8305297946039107e-06,3.227026972330004e-06
Financials,5.544101152728402e-06,3.8197740876790155e-06,1.334445427599506e-07,1.3902293355771471e-06,1.2706582030490386e-06,1.6770026483546538e-06,1.329099472973127e-06,3.7652746442718625e-06
Consumer Services,1.3475882592934968e-06,1.2342183906081023e-06,1.3339542977410115e-06,8.80381951302546e-07,3.169301071810727e-07,1.880335525382481e-07,3.2066138717343515e-07,8.283425192587489e-07
Health Care,8.3720184698909e-07,4.867493911327206e-07,1.3178837242202196e-06,4.5817782194862076e-07,2.397018281354714e-06,2.1588766382541098e-07,2.434476038752804e-07,4.205675183876504e-07
Utilities,3.831785482139136e-07,3.971618987881026e-07,1.7990580894407934e-06,2.7382069814501717e-07,1.246571883303915e-07,2.1574406280378614e-06,2.576457193367734e-07,1.6932511840154967e-07
Oil & Gas,1.6944223289051993e-06,2.3323984408607364e-06,1.2015413781876178e-06,4.0542304817820136e-07,1.9283178829975812e-07,3.7424737969703705e-07,3.693484312407713e-06,9.914146980904344e-07
Consumer Goods,1.9365575036662786e-06,1.946627885624853e-06,4.333146454032114e-06,1.016529785752212e-06,3.6205593198151987e-07,3.162773358563722e-07,1.0130744028183526e-06,7.2509016992691335e-06
