,Industrials,Basic Materials,Financials,Consumer Services,Health Care,Utilities,Oil & Gas,Consumer Goods
Industrials,0.09719177629972595,0.09099871224643345,0.07224145185365266,0.07130135483327034,0.05878088343590771,0.05108069181533469,0.058192643458861666,0.07350651111885595
Basic Materials,0.09099871224643347,0.10505558625988154,0.06945960743967818,0.06797023567167662,0.055006674239857806,0.04728874825083166,0.06782598646061425,0.07080355395644865
Financials,0.07224145185365266,0.06945960743967816,0.07189123606415894,0.06160976420221669,0.049653723895098714,0.04880322330333243,0.044534843273290096,0.06118713349812933
Consumer Services,0.07130135483327034,0.06797023567167662,0.06160976420221669,0.0693956413872582,0.052311877070451956,0.04417402508514673,0.044496082288440035,0.06261796688237635
Health Care,0.05878088343590772,0.0550066742398578,0.049653723895098714,0.052311877070451956,0.05489265162329154,0.03734193609346512,0.033914158716641926,0.04981959811000262
Utilities,0.0510806918153347,0.04728874825083165,0.04880322330333243,0.04417402508514673,0.03734193609346512,0.08757511156188566,0.03410147308599367,0.04559752112159664
Oil & Gas,0.058192643458861666,0.06782598646061423,0.04453484327329009,0.044496082288440035,0.033914158716641926,0.03410147308599368,0.09236005248283288,0.04339894493614527
Consumer Goods,0.07350651111885595,0.07080355395644865,0.06118713349812933,0.06261796688237635,0.04981959811000262,0.04559752112159663,0.043398944936145274,0.07087006691445448
