,Industrials,Basic Materials,Financials,Consumer Services,Health Care,Utilities,Oil & Gas,Consumer Goods
Industrials,0.08972619311504429,0.08319977019142527,0.06524499254804011,0.05878088343590774,0.06585834593421243,0.04913257847194424,0.052739682738924605,0.06575231383472625
Basic Materials,0.08319977019142526,0.09726937865537222,0.062210332880199795,0.055006674239857827,0.06211730813445883,0.04512350118267846,0.06221502248138293,0.06281571819226624
Financials,0.06524499254804011,0.06221033288019979,0.06583159046566125,0.049653723895098735,0.05810391193045162,0.047914199130779496,0.04006670840953262,0.05406975114717079
Consumer Services,0.058780883435907726,0.055006674239857827,0.049653723895098735,0.052311877070451956,0.05489265162329154,0.03734193609346514,0.03391415871664195,0.04981959811000264
Health Care,0.06585834593421243,0.06211730813445883,0.05810391193045162,0.05489265162329154,0.077044227423993,0.05204107066354506,0.04531289283097829,0.057320960208986235
Utilities,0.04913257847194424,0.045123501182678494,0.047914199130779496,0.037341936093465145,0.05204107066354506,0.09195512249811452,0.0356521240861591,0.04370876386628939
Oil & Gas,0.052739682738924605,0.06221502248138293,0.04006670840953262,0.03391415871664195,0.04531289283097829,0.03565212408615911,0.09032238332129386,0.037958416317431076
Consumer Goods,0.06575231383472625,0.06281571819226624,0.05406975114717079,0.04981959811000265,0.057320960208986235,0.043708763866289385,0.03795841631743107,0.06291668084445558
