,Industrials,Basic Materials,Financials,Consumer Services,Health Care,Utilities,Oil & Gas,Consumer Goods
Industrials,,0.2699684578754937,0.11601752674038646,0.30806807133183894,0.3712733069159054,0.2382819981156905,0.07059129929208571,0.3111611911617247
Basic Materials,0.09674775463226354,,0.14445145333230472,0.070494597669918,0.2506758896859275,0.19015110009333613,0.09481421901135284,0.1571430338077557
Financials,0.05685891377738708,0.0976395036036544,,0.03779292023331596,0.08259106026910482,0.28393288578769565,0.08940287604749686,0.41509659794013376
Consumer Services,0.19734831492263538,0.3494893607892472,0.14348012994276826,,0.13909925592929356,0.07908302212386858,0.0958694418187239,0.13642682457395608
Health Care,0.05065063825591685,0.10140122315214364,0.07648744734743373,0.21603532038606768,,0.07924090146768362,0.025457394410840842,0.10997727112774333
Utilities,0.1332698461774678,0.13842414364326433,0.16678625239030218,0.32748764271988745,0.0717302175555658,,0.12844449751542542,0.16702247183190122
Oil & Gas,0.04968912905499069,0.060586069753356744,0.13760791354142132,0.12002581686982779,0.2028207721852076,0.08782396326828357,,0.12975018670509558
Consumer Goods,0.11028245780035627,0.0960263467716178,0.1863536217481002,0.17867153257905438,0.6609396855539784,0.3979082587493027,0.033815229952313106,
