,Industrials,Basic Materials,Financials,Consumer Services,Health Care,Utilities,Oil & Gas,Consumer Goods
Industrials,0.0038019508997163185,0.005689849045862672,0.0035354636124644103,0.0015392308499871572,0.0011864538798973163,0.0015710168305334375,0.003078926570056928,0.004044666159507567
Basic Materials,0.0044912799142440285,0.005777345423073584,0.002979422941733071,0.00129200769239964,0.0008312629963903954,0.001382657893915969,0.005133339888956663,0.0038300977115800863
Financials,0.0038948697148456133,0.0037073004491402863,0.0010415931173394604,0.0032419010563849624,0.0009396668718307429,0.001693310848754755,0.002181810888539045,0.004083331020784546
Consumer Services,0.002975005205610559,0.002613471020755783,0.002148499998622988,0.0011118694093149213,0.0010516062979880243,0.001082077049650354,0.0009567675881779018,0.0019250789022174548
Health Care,0.0017089748448163207,0.001602176278507376,0.001470371584630814,0.0013364446928838536,0.0015768771383030862,0.0013653282541520317,0.0012314405557583008,0.0022623274947486394
Utilities,0.001331692392000298,0.002511065051368222,0.0013970069591449825,0.0007320894057952776,0.0008113542762376857,0.00576295033421977,0.003955549467807333,0.0012748692564111448
Oil & Gas,0.002658753349620587,0.0043069004582225,0.0020722418874986603,0.001350641489358299,0.0006921648313808296,0.0015182590675564638,0.007425044052410549,0.002160691637068446
Consumer Goods,0.004087041818785424,0.003838533889952811,0.0028977319955709366,0.002090136328921336,0.001095440924318421,0.0017692317430975102,0.0028805441563149272,0.004936868108736873
