,Industrials,Basic Materials,Financials,Consumer Services,Health Care,Utilities,Oil & Gas,Consumer Goods
Industrials,0.0022776107574320214,0.00245620620317506,0.0008752297339830914,0.0005518599277168467,0.00020283325469672787,0.00035014998036423224,0.0011318672642308934,0.0008753519175011532
Basic Materials,0.002067694947971166,0.0034834110563041927,0.001284741087113745,0.00038437382026868606,-4.265720131718189e-05,2.4940447843497487e-05,0.001816484031984603,0.0013627346486128225
Financials,0.0013125462723570752,0.0009404482624747817,0.00030931961607717973,0.000428570527473106,3.636394470274735e-05,0.0003907868640226678,0.000435590237076422,0.0008840737928189814
Consumer Services,0.0008586892749951819,0.0010944481720618698,0.00043526282512721233,0.00019654411052999,0.00012106948917469344,2.0379579384439367e-05,8.149566266802807e-05,0.0003622699994988781
Health Care,0.00024616298488804944,0.0005399405045710586,8.722425817740489e-05,-7.538276860224854e-05,0.000562376360333491,1.1466000412203264e-05,-7.340501350271581e-05,0.00015908830034003785
Utilities,0.00036907541889969397,0.0004137471382192448,0.0004585348851520621,-0.00013174221254971095,-6.914000904532409e-05,0.0026023784400642474,0.0006751980089734687,0.00019618647784895224
Oil & Gas,0.0009598159410164873,0.0017679076086566984,0.00014502203163962524,-3.926928890458013e-05,-0.0003091612720657309,0.000286034482299824,0.004568759689849454,0.00014780753796185105
Consumer Goods,0.0011147735704317326,0.001222824787916935,0.0005737062701750784,0.000294757846094007,0.00017847978444488012,0.00044973287063812935,0.00026881919200121284,0.0009114569314183164
