,Industrials,Basic Materials,Financials,Consumer Services,Health Care,Utilities,Oil & Gas,Consumer Goods
Industrials,0.002067694947971166,0.00245620620317506,0.0009755620131068834,0.000767030897250425,0.00031350316383391694,0.00028567432955063844,0.0014818218409152666,0.0008866783182411123
Basic Materials,0.00245620620317506,0.0034834110563041927,0.0009404482624747817,0.0010944481720618698,0.0005399405045710586,0.0004137471382192448,0.0017679076086566984,0.001222824787916935
Financials,0.0011984962617187067,0.0009404482624747817,0.001284741087113745,0.00046119527113516984,0.00014437957390304654,0.00026978898350114974,0.0006383420725284924,0.0006608475035689684
Consumer Services,0.0008772670504279782,0.0010944481720618698,0.0006017472671780576,0.00038437382026868606,2.7667144902632222e-05,-2.5051883739988867e-05,0.0003542917076134776,0.0005140768794053864
Health Care,0.00044109593416935067,0.0005399405045710586,0.00013042250200689308,2.8486406598975705e-05,-4.265720131718189e-05,-8.591136476801939e-06,-7.246853928360521e-05,9.913718966263157e-05
Utilities,0.0003369225892638169,0.0004137471382192448,4.9714123382749166e-05,1.8086277471849956e-05,-0.00022575135059929824,2.4940447843497487e-05,9.005269344363663e-05,-6.960999481681844e-05
Oil & Gas,0.0012470870667929828,0.0017679076086566984,0.0003943774329487068,0.0003003842168836947,-0.0001265086569207842,0.00011151951319061976,0.001816484031984603,0.00037832085529931257
Consumer Goods,0.0010547180144309745,0.001222824787916935,0.0005132067781688811,0.0002291517414842887,0.0003334018139251731,-4.7938709441000935e-05,0.00044145819305795465,0.0013627346486128225
