,Industrials,Basic Materials,Financials,Consumer Services,Health Care,Utilities,Oil & Gas,Consumer Goods
Industrials,0.014522547324213474,0.013701742005528102,0.011368853303144235,0.008573430042957826,0.0069333618141933515,0.006546207214386641,0.007050281766077797,0.010064830519150511
Basic Materials,0.01370174200552811,0.014939987521054882,0.010875718777443913,0.008036126883304129,0.006293290194440265,0.005912526551150299,0.008103459525222992,0.00956349842605432
Financials,0.011368853303144235,0.010875718777443913,0.011913604220754126,0.0075824175455886334,0.006172900910784205,0.007181396348762663,0.005449176340320369,0.008751222166509181
Consumer Services,0.008573430042957825,0.008036126883304118,0.0075824175455886334,0.006628598997336278,0.004672737042264212,0.004179005944020444,0.0038175041109655477,0.0067111240571159775
Health Care,0.006933361814193344,0.0062932901944402755,0.006172900910784205,0.004672737042264202,0.00583285621459841,0.004416621751851282,0.003040832913895879,0.005265572909215266
Utilities,0.006546207214386658,0.005912526551150298,0.007181396348762663,0.004179005944020454,0.004416621751851291,0.010283142488121698,0.004178604313755982,0.0054300112458668184
Oil & Gas,0.0070502817660777995,0.008103459525222966,0.005449176340320369,0.0038175041109655477,0.003040832913895914,0.004178604313755987,0.007785636619026376,0.004572989090431995
Consumer Goods,0.010064830519150504,0.009563498426054303,0.008751222166509181,0.006711124057115973,0.005265572909215304,0.005430011245866841,0.004572989090431988,0.008257281573542519
