,Industrials,Basic Materials,Financials,Consumer Services,Health Care,Utilities,Oil & Gas,Consumer Goods
Industrials,0.012253683646375635,0.011356020831880996,0.008573430042957794,0.008488366358890088,0.0059295701929877685,0.004586571051474531,0.005468543825169489,0.008734784077287696
Basic Materials,0.011356020831881006,0.012094844878112047,0.008036126883304103,0.007831647422740643,0.0053603575773293,0.004093184151128351,0.006075831331063026,0.008181314107456372
Financials,0.008573430042957797,0.008036126883304101,0.0075824175455886334,0.006628598997336278,0.004672737042264169,0.0041790059440203935,0.0038175041109655187,0.006711124057115947
Consumer Services,0.008488366358890088,0.007831647422740643,0.006628598997336278,0.007839153415784792,0.004568275441513226,0.0033165289185917114,0.0035340677099875476,0.006772523394189581
Health Care,0.005929570192987755,0.005360357577329306,0.004672737042264156,0.004568275441513226,0.005155068067472807,0.003054469516663289,0.0024284451920706315,0.004565218638816261
Utilities,0.0045865710514745445,0.004093184151128339,0.004179005944020376,0.0033165289185917114,0.0030544695166632935,0.005183957671873204,0.0026741737809932503,0.003772025936224559
Oil & Gas,0.005468543825169492,0.006075831331063,0.003817504110965532,0.0035340677099875476,0.0024284451920706597,0.002674173780993238,0.005497278669955106,0.003690804829995771
Consumer Goods,0.008734784077287689,0.008181314107456355,0.006711124057115943,0.006772523394189581,0.004565218638816274,0.0037720259362245775,0.0036908048299957616,0.007311365574718908
