,Industrials,Basic Materials,Financials,Consumer Services,Health Care,Utilities,Oil & Gas,Consumer Goods
Industrials,0.008019601374780437,0.00718436982631242,0.006546207214386645,0.0045865710514745904,0.0047159107290680674,0.00833064051542437,0.005093669375537934,0.005846484191911772
Basic Materials,0.007184369826312406,0.007377528831715373,0.005912526551150293,0.004093184151128377,0.004084073839519377,0.00718193590986908,0.005615069028903374,0.005226850638114842
Financials,0.006546207214386647,0.005912526551150293,0.007181396348762663,0.00417900594402043,0.004416621751851282,0.010283142488121698,0.004178604313755968,0.005430011245866827
Consumer Services,0.004586571051474577,0.004093184151128382,0.004179005944020423,0.0033165289185917114,0.003054469516663336,0.005183957671873204,0.0026741737809932832,0.003772025936224609
Health Care,0.004715910729068074,0.004084073839519407,0.0044166217518512825,0.00305446951666334,0.004783396022850568,0.006970292239502311,0.0026964705885807487,0.003915603561252671
Utilities,0.00833064051542437,0.00718193590986908,0.010283142488121698,0.005183957671873204,0.006970292239502311,0.03374641645822723,0.006698218874957657,0.00813708496850564
Oil & Gas,0.005093669375537929,0.005615069028903353,0.00417860431375597,0.0026741737809932754,0.002696470588580795,0.006698218874957657,0.007205839608466703,0.0034769540840177008
Consumer Goods,0.005846484191911729,0.00522685063811483,0.005430011245866819,0.003772025936224584,0.003915603561252683,0.00813708496850564,0.0034769540840176804,0.005389979488003568
