,Industrials,Basic Materials,Financials,Consumer Services,Health Care,Utilities,Oil & Gas,Consumer Goods
Industrials,0.0099153739956054,0.008995486337472087,0.006933361814193344,0.0059295701929878075,0.007295049601295276,0.004715910729068065,0.004509333183204577,0.006758682561483303
Basic Materials,0.008995486337472101,0.009365992219239073,0.006293290194440287,0.005360357577329356,0.006337081875375321,0.004084073839519439,0.00491904023442716,0.006083267357739508
Financials,0.006933361814193347,0.0062932901944402824,0.006172900910784205,0.004672737042264211,0.00583285621459841,0.004416621751851295,0.0030408329138959037,0.005265572909215277
Consumer Services,0.00592957019298781,0.005360357577329343,0.00467273704226421,0.004568275441513226,0.005155068067472807,0.0030544695166633425,0.002428445192070672,0.004565218638816281
Health Care,0.007295049601295276,0.006337081875375321,0.00583285621459841,0.005155068067472807,0.009693268915447693,0.004783396022850568,0.0028643744578964324,0.00558039248196262
Utilities,0.00471591072906808,0.004084073839519404,0.004416621751851284,0.0030544695166633616,0.004783396022850568,0.006970292239502311,0.002696470588580786,0.003915603561252672
Oil & Gas,0.004509333183204575,0.004919040234427122,0.003040832913895904,0.002428445192070668,0.0028643744578964324,0.0026964705885807556,0.004514497943142036,0.002792756122325777
Consumer Goods,0.006758682561483293,0.0060832673577394915,0.005265572909215278,0.004565218638816276,0.00558039248196262,0.003915603561252696,0.002792756122325779,0.005608046880301504
