,Industrials,Basic Materials,Financials,Consumer Services,Health Care,Utilities,Oil & Gas,Consumer Goods
Industrials,0.08197549854189852,0.03756848932669978,0.04660919156481786,0.05078185452720841,0.07403920562535529,0.06900799578921148,0.028183993349226513,0.055028568397182766
Basic Materials,0.03756848932669975,0.013177779773006385,0.021638797062500503,0.022917858821962667,0.03432971141538741,0.03181041675760345,0.011845026358610872,0.02596971433250426
Financials,0.04660919156481786,0.021638797062500482,0.02694793112432584,0.029663517118873196,0.041258759250982324,0.03965503013345167,0.017977676129167484,0.03226580958512502
Consumer Services,0.05078185452720843,0.022917858821962674,0.029663517118873207,0.03308870508221747,0.04335771330185952,0.04376968446415457,0.0204569528541391,0.03760041653583586
Health Care,0.0740392056253553,0.03432971141538743,0.041258759250982324,0.04335771330185952,0.06912063399830634,0.06330767685030539,0.01890882874058083,0.048419506108031043
Utilities,0.06900799578921146,0.03181041675760345,0.03965503013345167,0.04376968446415455,0.06330767685030537,0.05998112411897195,0.025428155783845417,0.049167716037173924
Oil & Gas,0.028183993349226513,0.01184502635861084,0.017977676129167498,0.020456952854139066,0.01890882874058082,0.0254281557838454,0.017724849077000154,0.022435099807523964
Consumer Goods,0.055028568397182766,0.02596971433250426,0.03226580958512502,0.03760041653583586,0.048419506108031043,0.049167716037173924,0.022435099807523964,0.03608761011760664
