,Industrials,Basic Materials,Financials,Consumer Services,Health Care,Utilities,Oil & Gas,Consumer Goods
Industrials,0.054504053297145034,0.018325937931823175,0.031179313794644028,0.03090346651676602,0.051442449772524504,0.045100215826121975,0.013788536139372785,0.03756848932669979
Basic Materials,0.018325937931823175,0.003456771547052837,0.011118349930979583,0.011032561392365069,0.01764360691867954,0.01565148197716739,0.0063461959605678716,0.013177779773006385
Financials,0.031179313794644017,0.011118349930979583,0.018490649754521332,0.01811358830187235,0.028484938930227736,0.025818208056011708,0.009733808664513791,0.021638797062500492
Consumer Services,0.03090346651676603,0.011032561392365069,0.01811358830187236,0.01784954223603575,0.027726255521841162,0.02586942861270822,0.010949240367703991,0.022917858821962688
Health Care,0.05144244977252452,0.01764360691867954,0.028484938930227726,0.027726255521841155,0.052127075899236264,0.04297565562260638,0.009765364230869595,0.03432971141538744
Utilities,0.04510021582612197,0.01565148197716739,0.025818208056011732,0.0258694286127082,0.04297565562260638,0.03832397346808959,0.011591376763379423,0.031810416757603474
Oil & Gas,0.013788536139372774,0.0063461959605678716,0.009733808664513805,0.010949240367703976,0.009765364230869596,0.011591376763379417,0.01645931908287935,0.011845026358610882
Consumer Goods,0.03756848932669978,0.013177779773006385,0.021638797062500513,0.02291785882196268,0.034329711415387446,0.03181041675760347,0.01184502635861089,0.02596971433250426
