,Industrials,Basic Materials,Financials,Consumer Services,Health Care,Utilities,Oil & Gas,Consumer Goods
Industrials,0.07060134971496289,0.031179313794644038,0.03882147602701437,0.03994414667206479,0.06501723370349105,0.058081258542156816,0.020784574206637603,0.04660919156481784
Basic Materials,0.031179313794644004,0.011118349930979583,0.018490649754521332,0.01811358830187235,0.028484938930227723,0.025818208056011715,0.0097338086645138,0.021638797062500513
Financials,0.03882147602701437,0.018490649754521332,0.022754770791594464,0.02292995933373812,0.034883560720704046,0.03244581841766479,0.012607429941278786,0.02694793112432584
Consumer Services,0.0399441466720648,0.01811358830187235,0.02292995933373812,0.02362438550954314,0.03431038381205476,0.03326581344552507,0.015285504257905513,0.02966351711887319
Health Care,0.06501723370349108,0.028484938930227754,0.034883560720704046,0.03431038381205476,0.06316526581000413,0.05418999919155903,0.013527609300140617,0.041258759250982324
Utilities,0.0580812585421568,0.025818208056011704,0.03244581841766479,0.03326581344552507,0.05418999919155903,0.04976799796441799,0.01764600987124641,0.039655030133451674
Oil & Gas,0.0207845742066376,0.009733808664513783,0.012607429941278786,0.015285504257905501,0.013527609300140625,0.017646009871246402,0.016393216061997253,0.01797767612916749
Consumer Goods,0.046609191564817846,0.021638797062500464,0.02694793112432584,0.029663517118873186,0.04125875925098232,0.03965503013345165,0.01797767612916748,0.03226580958512502
