,Industrials,Basic Materials,Financials,Consumer Services,Health Care,Utilities,Oil & Gas,Consumer Goods
Industrials,-40.5740050815536,-19.803159190471526,-54.526476606325865,-24.55452238840362,-41.45976312012864,-35.366584094861864,-24.42758622043203,-34.07135732043153
Basic Materials,-19.803159190471497,0.8078594807410457,-17.6875151233886,-8.30023585898835,-16.50073275669812,-14.930871962690958,-5.347536433771538,-11.633806324536035
Financials,-54.526476606325865,-17.68751512338857,-33.035311742487025,-23.826925203092017,-37.6183383054932,-32.82819951292536,-24.039157091308926,-31.412494208040354
Consumer Services,-24.55452238840362,-8.30023585898835,-23.826925203092017,-7.9402066931953295,-16.498052923053184,-15.320709742757996,-12.693482804540317,-14.60685282557907
Health Care,-41.45976312012866,-16.50073275669813,-37.61833830549318,-16.498052923053184,-18.619981391988013,-23.540003093230002,-15.059611401520163,-23.462604741170967
Utilities,-35.36658409486185,-14.930871962690954,-32.82819951292539,-15.320709742757996,-23.540003093230006,-11.40649327341827,-15.460267226076324,-20.008221791916554
Oil & Gas,-24.42758622043203,-5.347536433771548,-24.039157091308915,-12.693482804540317,-15.059611401520153,-15.460267226076319,-4.761134784062129,-13.965275316229716
Consumer Goods,-34.071357320431545,-11.633806324536014,-31.412494208040368,-14.60685282557907,-23.46260474117096,-20.00822179191654,-13.965275316229725,-11.502477299503287
