,Industrials,Basic Materials,Financials,Consumer Services,Health Care,Utilities,Oil & Gas,Consumer Goods
Industrials,0.5598838162536506,0.9781209493507816,0.6904332423980899,0.6153250605205969,0.5429498371444215,0.4637615851414747,0.9869679659072563,0.5559601226434971
Basic Materials,0.978120949350783,0.6457930487678449,0.9546116010472987,0.8614970162343616,0.8466054457018704,0.8302666441547961,0.9557246082398629,0.882725678271612
Financials,0.6904332423980901,0.9546116010472989,0.8204817826705879,0.7196526335677005,0.7046443191434331,0.6713773870013249,0.8446548051766061,0.6882279996159928
Consumer Services,0.6153250605205964,0.8614970162343605,0.7196526335677,0.6800999316390717,0.6618812021045857,0.5914913023547326,0.8001479320571592,0.6497453732643017
Health Care,0.5429498371444215,0.8466054457018699,0.7046443191434333,0.6618812021045852,0.53688102210746,0.5079565468352194,0.8735529650258884,0.5639269038767334
Utilities,0.46376158514147514,0.8302666441547968,0.6713773870013242,0.5914913023547332,0.5079565468352203,0.5538713428061866,0.9890461075475094,0.5250862874175048
Oil & Gas,0.9869679659072563,0.9557246082398629,0.8446548051766061,0.8001479320571592,0.8735529650258884,0.9890461075475094,0.9035646425878212,0.8344089915782071
Consumer Goods,0.5559601226434967,0.882725678271612,0.6882279996159923,0.6497453732643019,0.5639269038767343,0.5250862874175051,0.8344089915782071,0.6186249341829928
