,Industrials,Basic Materials,Financials,Consumer Services,Health Care,Utilities,Oil & Gas,Consumer Goods
Industrials,2.0114282329837403e-267,2.5440253219308528e-76,0.0,0.0,0.0,1.4543945029448984e-307,9.546379311029712e-91,2.1793390659259906e-286
Basic Materials,2.5440253219308528e-76,0.000434303574070609,1.411461193890359e-130,2.4669301166310924e-84,4.400022795872141e-125,2.9430894836892605e-102,0.3684205335946903,2.823587561640068e-61
Financials,0.0,1.411461193890761e-130,0.0,0.0,0.0,0.0,6.474597402955314e-175,0.0
Consumer Services,0.0,2.4669301166299677e-84,0.0,2.360029959965484e-126,0.0,1.824546474495017e-243,2.9474900066351062e-124,8.607049810921465e-231
Health Care,0.0,4.400022795872642e-125,0.0,0.0,7.808992294006915e-196,4.1464941283267816e-290,8.642246463466538e-105,1.3885185784304723e-300
Utilities,1.4543945029448984e-307,2.943089483690183e-102,0.0,1.82454647449647e-243,4.1464941283305553e-290,2.5452159917684557e-70,1.3423110858218588e-102,2.2951063944304136e-203
Oil & Gas,9.546379311029712e-91,0.36842053359468796,6.474597402954577e-175,2.947490006635777e-124,8.642246463468014e-105,1.3423110858216298e-102,0.741735072467455,2.2508538476716766e-78
Consumer Goods,2.1793390659259906e-286,2.8235875616404705e-61,0.0,8.607049810921465e-231,1.388518578431104e-300,2.2951063944304136e-203,2.250853847671292e-78,4.592229965837799e-66
