,Industrials,Basic Materials,Financials,Consumer Services,Health Care,Utilities,Oil & Gas,Consumer Goods
Industrials,-61.07521055660607,-25.508168356447875,-49.405152391530045,-54.47844922472676,-63.85437181067289,-50.9851999920278,-28.948275619781583,-46.9603103379447
Basic Materials,-24.701965802203944,4.072498387713405,-13.442103850364834,-17.602037783705402,-22.48189196366129,-19.73653229669777,-2.6758425417045455,-14.245406841080603
Financials,-49.405152391530045,-13.442103850364834,-18.636241161451746,-32.57123158858054,-36.934632365907724,-29.061726618709013,-15.820111151079837,-26.897603070763303
Consumer Services,-54.635024192101625,-17.991044257291872,-32.57123158858054,-24.714311162597788,-37.95943210417833,-33.61082116360052,-24.651710382680477,-31.17462577499313
Health Care,-61.52676365097549,-21.433526873565853,-36.934632365907724,-38.86288160870965,-27.385828227223975,-34.61306955392014,-20.08743905210631,-34.814802950026966
Utilities,-51.394519647970284,-19.525619169017094,-29.061726618709013,-33.65598694167702,-34.28793589656286,-15.116099731865244,-19.68747452439181,-29.452134655031664
Oil & Gas,-29.068370481367047,-2.7092942727097427,-15.820111151079837,-24.637840795260917,-20.178165721606735,-18.84798680110481,-5.536487665576329,-18.582369393055494
Consumer Goods,-47.116781471846366,-14.411354042449505,-26.897603070763303,-32.61773354991359,-33.36270470953217,-29.261446180284537,-17.99701661522675,-15.318039233415712
