,Industrials,Basic Materials,Financials,Consumer Services,Health Care,Utilities,Oil & Gas,Consumer Goods
Industrials,0.294331513073959,0.6292984104925223,0.5455165219271048,0.5119445086567542,0.2996616538145498,0.31084570739920836,0.5559601226434958,0.4319465385002208
Basic Materials,0.629298410492523,0.9475380180675044,0.7739528875035897,0.7218618785781006,0.5598351059134201,0.5460931181363171,0.8827256782716117,0.6978332128852764
Financials,0.5455165219271048,0.7739528875035899,0.7180426350140892,0.6606676327699594,0.5452590470893637,0.548693504485871,0.6882279996159912,0.62904121887345
Consumer Services,0.5119445086567538,0.7218618785781001,0.660667632769959,0.6569043945726984,0.5241349271324538,0.5162544945829766,0.6497453732643004,0.5958084913341932
Health Care,0.2996616538145498,0.5598351059134203,0.5452590470893635,0.5241349271324536,0.34448862529293045,0.34503537990442856,0.563926903876732,0.434054807855639
Utilities,0.3108457073992086,0.5460931181363167,0.5486935044858707,0.5162544945829768,0.34503537990442945,0.4351966200554904,0.5250862874175044,0.43472859888866466
Oil & Gas,0.555960122643496,0.882725678271612,0.6882279996159912,0.6497453732643006,0.5639269038767323,0.5250862874175046,0.8344089915782071,0.6186249341829928
Consumer Goods,0.4319465385002208,0.6978332128852764,0.62904121887345,0.5958084913341932,0.434054807855639,0.43472859888866466,0.6186249341829928,0.5908582189339915
