,Industrials,Basic Materials,Financials,Consumer Services,Health Care,Utilities,Oil & Gas,Consumer Goods
Industrials,0.0,0.35906786149348013,0.0,0.0,0.0,0.0,0.7297814456016467,0.0
Basic Materials,0.34344435150218766,1.9661952066485355e-09,0.009371810094462418,8.793805483797712e-08,8.954718263343153e-06,3.3279700386579236e-05,0.4562167207705565,0.0014342989276820983
Financials,0.0,0.007795937364588168,0.0,0.0,0.0,0.0,3.085975608385638e-08,0.0
Consumer Services,0.0,8.756683533839293e-08,0.0,0.0,0.0,0.0,1.326266882983873e-06,0.0
Health Care,0.0,6.295390293287184e-06,0.0,0.0,0.0,0.0,0.02071568947114888,0.0
Utilities,0.0,3.370921750089906e-05,0.0,0.0,0.0,1.7617018954751984e-12,0.8631969843181124,0.0
Oil & Gas,0.7297814456016467,0.4562167207705565,3.085975608385638e-08,1.326266882983873e-06,0.02071568947114888,0.8631969843181124,0.4350605131692782,0.0050671630712699756
Consumer Goods,0.0,0.002419021199967286,0.0,0.0,0.0,0.0,0.0050671630712699756,1.1922240972239706e-11
