,Industrials,Basic Materials,Financials,Consumer Services,Health Care,Utilities,Oil & Gas,Consumer Goods
Industrials,0.47425515353573244,0.7027459895506993,0.630310335479247,0.6372228789688239,0.4767798290630967,0.46815745727886204,0.6153250605205958,0.511944508656754
Basic Materials,0.7027459895506998,0.9698784051844069,0.8041061574627786,0.8004117426476074,0.6540141955391208,0.6278555949495168,0.8614970162343605,0.7218618785781004
Financials,0.630310335479247,0.8041061574627788,0.760917200766835,0.7394696237078331,0.6393869994086705,0.6250988466530276,0.7196526335676998,0.6606676327699594
Consumer Services,0.6372228789688239,0.8004117426476074,0.7394696237078331,0.75993968903589,0.654274542023656,0.6191763563896129,0.6800999316390717,0.6569043945726984
Health Care,0.47677982906309646,0.6540141955391205,0.6393869994086705,0.654274542023656,0.5002233642094027,0.49470968866827114,0.6618812021045848,0.524134927132454
Utilities,0.46815745727886204,0.627855594949517,0.6250988466530272,0.6191763563896129,0.49470968866827114,0.5452798758518669,0.5914913023547319,0.5162544945829766
Oil & Gas,0.6153250605205958,0.8614970162343603,0.7196526335677,0.6800999316390717,0.6618812021045852,0.5914913023547321,0.8001479320571592,0.6497453732643013
Consumer Goods,0.5119445086567538,0.7218618785781008,0.6606676327699592,0.6569043945726984,0.524134927132454,0.5162544945829768,0.649745373264301,0.5958084913341932
