,Industrials,Basic Materials,Financials,Consumer Services,Health Care,Utilities,Oil & Gas,Consumer Goods
Industrials,-19.02287064697669,3.528864538271095,-24.612565789919472,-19.803159190471472,-24.882715989391812,-22.627728194601584,-0.8996176729016877,-16.967769297565038
Basic Materials,3.528864538271095,8.660715646759275,3.901721480389968,0.8078594807410457,-3.928163379152485,-3.594430138338837,6.110880224105169,0.9297394779632712
Financials,-24.612565789919465,3.901721480389968,-12.82143261041264,-17.68751512338852,-21.909782364034662,-19.25281895257803,-2.575425174679035,-13.950281088539631
Consumer Services,-19.803159190471487,0.8078594807410457,-17.687515123388525,-8.30023585898835,-16.500732756698085,-14.930871962690931,-5.3475364337714995,-11.633806324536007
Health Care,-24.882715989391833,-3.928163379152485,-21.90978236403467,-16.500732756698095,-12.202495596645702,-16.011717106520443,-4.551803554742363,-14.701120667183103
Utilities,-22.62772819460157,-3.594430138338837,-19.252818952578068,-14.9308719626909,-16.01171710652044,-7.533139689832326,-4.212350299085102,-12.738577178972745
Oil & Gas,-0.8996176729016734,6.110880224105169,-2.575425174679045,-5.34753643377148,-4.5518035547423175,-4.212350299085112,0.6906821535792117,-3.0608553943185073
Consumer Goods,-16.967769297565045,0.9297394779632712,-13.950281088539656,-11.633806324536,-14.70112066718308,-12.738577178972731,-3.060855394318516,-5.670710953071735
