,Industrials,Basic Materials,Financials,Consumer Services,Health Care,Utilities,Oil & Gas,Consumer Goods
Industrials,0.2325551797196812,0.5332187772215979,0.48505294402136423,0.4767798290630969,0.25703084406485965,0.2709007973732427,0.5429498371444217,0.29966165381455
Basic Materials,0.5332187772215982,0.8130450625071195,0.6904089470310657,0.654014195539121,0.519252512050616,0.4980858075499388,0.8466054457018701,0.5598351059134203
Financials,0.48505294402136423,0.6904089470310657,0.6703644967497948,0.6393869994086709,0.5023558708078459,0.5067863046955161,0.7046443191434331,0.5452590470893639
Consumer Services,0.4767798290630969,0.6540141955391208,0.6393869994086709,0.654274542023656,0.5002233642094027,0.4947096886682716,0.6618812021045852,0.524134927132454
Health Care,0.25703084406485965,0.519252512050616,0.5023558708078459,0.5002233642094027,0.2710462574610075,0.29773597363398796,0.53688102210746,0.34448862529293045
Utilities,0.2709007973732427,0.4980858075499386,0.5067863046955159,0.4947096886682718,0.29773597363398796,0.3753790806600512,0.507956546835221,0.34503537990442945
Oil & Gas,0.542949837144421,0.8466054457018692,0.7046443191434326,0.661881202104585,0.53688102210746,0.5079565468352201,0.8735529650258884,0.5639269038767329
Consumer Goods,0.29966165381454957,0.5598351059134206,0.5452590470893637,0.5241349271324542,0.34448862529293045,0.34503537990442945,0.5639269038767329,0.434054807855639
