,Industrials,Basic Materials,Financials,Consumer Services,Health Care,Utilities,Oil & Gas,Consumer Goods
Industrials,0.6223062866107352,0.8775836239467569,0.7496206842684554,0.7027459895507002,0.5332187772215984,0.4979637096687113,0.9781209493507828,0.6292984104925234
Basic Materials,0.8775836239467569,0.18744822013425466,0.9008947404367578,0.9698784051844069,0.8130450625071195,0.7956840454800007,0.6457930487678449,0.9475380180675044
Financials,0.7496206842684554,0.9008947404367578,0.8618621169711185,0.8041061574627795,0.6904089470310659,0.6757020611991376,0.9546116010472996,0.7739528875035908
Consumer Services,0.7027459895507,0.9698784051844069,0.8041061574627792,0.8004117426476074,0.6540141955391214,0.6278555949495175,0.8614970162343616,0.721861878578101
Health Care,0.5332187772215982,0.8130450625071195,0.6904089470310657,0.6540141955391214,0.519252512050616,0.4980858075499386,0.8466054457018697,0.5598351059134206
Utilities,0.49796370966871173,0.7956840454800007,0.6757020611991371,0.6278555949495181,0.4980858075499386,0.5596062503848551,0.8302666441547977,0.5460931181363173
Oil & Gas,0.978120949350783,0.6457930487678449,0.9546116010472996,0.861497016234362,0.8466054457018712,0.8302666441547972,0.9557246082398629,0.8827256782716129
Consumer Goods,0.6292984104925232,0.9475380180675044,0.7739528875035904,0.7218618785781012,0.559835105913421,0.546093118136318,0.8827256782716126,0.6978332128852764
