,Industrials,Basic Materials,Financials,Consumer Services,Health Care,Utilities,Oil & Gas,Consumer Goods
Industrials,-54.925434997044164,-25.649232905353003,-61.462277674175915,-43.9623638973073,-33.84593199988987,-41.10308912356768,-23.832207387328314,-40.1242140664042
Basic Materials,-24.439037824358348,-4.016558183554325,-22.6682936442966,-17.492275582413487,-12.710144930106972,-16.173447806730174,-4.46290303009571,-14.818516008620218
Financials,-60.764086729623315,-22.243334738437017,-36.934632365907724,-37.86503851579969,-27.385828227223975,-33.77848022828286,-19.556727045725903,-34.538448413325725
Consumer Services,-41.233351704704404,-16.797348785192398,-39.74164966559035,-16.720529470384555,-18.819210004411797,-23.808294248490903,-15.686605984660591,-23.712726233373225
Health Care,-33.84593199988987,-12.710144930106972,-27.385828227223975,-18.819210004411797,-12.254451031174076,-18.380042759127793,-10.867013104998339,-18.278015546235974
Utilities,-40.763565868891014,-15.633842196617413,-35.19506745034169,-24.606964277952162,-18.380042759127793,-13.8120140785536,-15.11706577173346,-22.459048988902445
Oil & Gas,-22.499545033224628,-4.651481205592815,-20.17540709200978,-15.94300311377885,-10.867013104998339,-14.425151676203775,2.313126420833341,-13.908200404754984
Consumer Goods,-40.60880512381217,-14.704421878447675,-32.972483967037235,-23.571221835379095,-18.278015546235974,-22.78958282453246,-13.912409513513362,-13.134643827522375
