,Industrials,Basic Materials,Financials,Consumer Services,Health Care,Utilities,Oil & Gas,Consumer Goods
Industrials,-40.43381053502572,-16.96776929756509,-46.78903267063669,-34.07135732043152,-41.418737725452914,-33.86924353603628,-19.504332805830252,-18.369031190210823
Basic Materials,-16.967769297565056,0.9297394779632712,-13.950281088539704,-11.633806324536025,-14.701120667183112,-12.738577178972752,-3.060855394318536,-5.670710953071735
Financials,-46.78903267063668,-13.95028108853968,-26.80174334777133,-31.41249420804035,-33.29872157115863,-27.630610119399307,-18.3698416259906,-15.600173551749153
Consumer Services,-34.071357320431545,-11.633806324536039,-31.412494208040396,-14.60685282557907,-23.462604741170985,-20.008221791916554,-13.965275316229754,-11.502477299503287
Health Care,-41.41873772545292,-14.70112066718311,-33.29872157115866,-23.46260474117099,-17.900320095175026,-22.320025454001726,-13.605798831615447,-13.045536603686124
Utilities,-33.869243536036265,-12.738577178972772,-27.63061011939933,-20.008221791916533,-22.320025454001705,-10.07419379140392,-12.5424800262183,-10.895388924175057
Oil & Gas,-19.504332805830245,-3.0608553943185335,-18.36984162599061,-13.96527531622974,-13.605798831615438,-12.542480026218293,-2.6856179129113293,-6.902139560947815
Consumer Goods,-18.369031190210823,-5.670710953071735,-15.600173551749153,-11.502477299503287,-13.045536603686124,-10.895388924175057,-6.902139560947815,-3.9295210298962666
