,Industrials,Basic Materials,Financials,Consumer Services,Health Care,Utilities,Oil & Gas,Consumer Goods
Industrials,-40.190012928089146,-19.02287064697669,-57.61865288443312,-40.5740050815536,-51.97760855906683,-43.039670686016414,-21.00411771204972,-40.43381053502572
Basic Materials,-19.02287064697669,3.528864538271095,-24.612565789919532,-19.803159190471497,-24.882715989391855,-22.627728194601612,-0.899617672901728,-16.96776929756508
Financials,-57.61865288443312,-24.612565789919522,-47.78989086640935,-54.526476606325815,-60.803138468622016,-50.97762298499585,-28.732201835522233,-46.78903267063663
Consumer Services,-40.5740050815536,-19.803159190471526,-54.526476606325815,-24.55452238840362,-41.45976312012862,-35.36658409486185,-24.427586220431966,-34.07135732043149
Health Care,-51.97760855906683,-24.88271598939185,-60.803138468622016,-41.459763120128635,-33.971331311152774,-41.17160923379124,-22.693057088813163,-41.4187377254529
Utilities,-43.039670686016414,-22.627728194601595,-50.97762298499587,-35.366584094861814,-41.1716092337912,-19.53454825832246,-22.845040453834304,-33.86924353603626
Oil & Gas,-21.00411771204972,-0.8996176729017322,-28.73220183552224,-24.42758622043195,-22.693057088813156,-22.845040453834315,-0.3296655486313117,-19.504332805830202
Consumer Goods,-40.43381053502572,-16.96776929756507,-46.789032670636665,-34.07135732043149,-41.41873772545288,-33.86924353603625,-19.504332805830213,-18.369031190210823
