,Industrials,Basic Materials,Financials,Consumer Services,Health Care,Utilities,Oil & Gas,Consumer Goods
Industrials,0.23028411278701721,0.6223062866107352,0.49531323536483374,0.47425515353573244,0.2325551797196812,0.23718556061635954,0.5598838162536506,0.294331513073959
Basic Materials,0.6223062866107352,0.8775836239467569,0.749620684268455,0.7027459895506998,0.5332187772215979,0.49796370966871084,0.9781209493507816,0.6292984104925226
Financials,0.49531323536483374,0.749620684268455,0.6846186827831742,0.6303103354792472,0.48505294402136423,0.4841126725162992,0.6904332423980903,0.5455165219271052
Consumer Services,0.47425515353573244,0.7027459895506996,0.6303103354792472,0.6372228789688239,0.4767798290630969,0.46815745727886204,0.6153250605205969,0.5119445086567547
Health Care,0.2325551797196812,0.5332187772215979,0.48505294402136423,0.4767798290630969,0.25703084406485965,0.27090079737324246,0.5429498371444215,0.29966165381455
Utilities,0.23718556061635954,0.4979637096687113,0.4841126725162992,0.4681574572788625,0.2709007973732427,0.3396906801804189,0.4637615851414756,0.3108457073992086
Oil & Gas,0.5598838162536506,0.9781209493507816,0.6904332423980903,0.6153250605205969,0.5429498371444219,0.4637615851414756,0.9869679659072563,0.5559601226434969
Consumer Goods,0.294331513073959,0.6292984104925228,0.545516521927105,0.5119445086567544,0.29966165381455023,0.3108457073992088,0.5559601226434965,0.4319465385002208
