,Industrials,Basic Materials,Financials,Consumer Services,Health Care,Utilities,Oil & Gas,Consumer Goods
Industrials,0.23718556061635954,0.4979637096687115,0.4841126725162994,0.46815745727886293,0.2709007973732427,0.3396906801804189,0.4637615851414756,0.310845707399209
Basic Materials,0.4979637096687115,0.7956840454800007,0.6757020611991371,0.6278555949495179,0.49808580754993836,0.5596062503848551,0.8302666441547975,0.5460931181363169
Financials,0.4841126725162994,0.6757020611991373,0.6801702330709576,0.6250988466530281,0.5067863046955159,0.5940179584385747,0.6713773870013249,0.5486935044858714
Consumer Services,0.4681574572788627,0.6278555949495177,0.6250988466530281,0.6191763563896129,0.4947096886682716,0.5452798758518669,0.5914913023547337,0.5162544945829772
Health Care,0.2709007973732427,0.4980858075499386,0.5067863046955159,0.4947096886682716,0.29773597363398796,0.3753790806600512,0.5079565468352203,0.34503537990442923
Utilities,0.3396906801804189,0.5596062503848551,0.5940179584385747,0.5452798758518669,0.3753790806600512,0.6208870876736889,0.5538713428061866,0.4351966200554904
Oil & Gas,0.4637615851414756,0.8302666441547972,0.6713773870013249,0.5914913023547337,0.507956546835221,0.5538713428061866,0.9890461075475094,0.5250862874175057
Consumer Goods,0.3108457073992086,0.5460931181363176,0.5486935044858714,0.516254494582977,0.34503537990442945,0.4351966200554904,0.5250862874175053,0.43472859888866466
