,Industrials,Basic Materials,Financials,Consumer Services,Health Care,Utilities,Oil & Gas,Consumer Goods
Industrials,-43.039670686016414,-22.627728194601573,-50.97762298499582,-35.3665840948618,-41.17160923379121,-19.53454825832246,-22.845040453834297,-33.86924353603623
Basic Materials,-22.627728194601573,-3.594430138338837,-19.25281895257806,-14.930871962690912,-16.01171710652045,-7.533139689832326,-4.212350299085107,-12.738577178972763
Financials,-50.97762298499582,-19.25281895257805,-28.83478056225709,-32.828199512925295,-34.22069632408632,-15.017395759776683,-18.234040010494304,-27.630610119399286
Consumer Services,-35.366584094861814,-14.930871962690919,-32.82819951292531,-15.320709742757996,-23.54000309322998,-11.40649327341827,-15.460267226076255,-20.008221791916515
Health Care,-41.1716092337912,-16.011717106520443,-34.220696324086305,-23.54000309322998,-18.449384739461284,-12.812726702818788,-14.62090386856528,-22.320025454001712
Utilities,-19.53454825832246,-7.533139689832326,-15.017395759776683,-11.40649327341827,-12.812726702818788,-2.8605167662377387,-7.115784760595264,-10.07419379140392
Oil & Gas,-22.8450404538343,-4.212350299085111,-18.234040010494308,-15.460267226076251,-14.620903868565257,-7.115784760595264,-0.16473446840711622,-12.542480026218263
Consumer Goods,-33.86924353603626,-12.73857717897274,-27.630610119399286,-20.00822179191653,-22.320025454001694,-10.07419379140392,-12.542480026218273,-10.895388924175057
