,Industrials,Basic Materials,Financials,Consumer Services,Health Care,Utilities,Oil & Gas,Consumer Goods
Industrials,-21.00411771204972,-0.8996176729017309,-28.73220183552228,-24.427586220431962,-22.69305708881318,-22.84504045383435,-0.3296655486313117,-19.504332805830188
Basic Materials,-0.8996176729016779,6.110880224105169,-2.5754251746790926,-5.347536433771496,-4.551803554742346,-4.212350299085138,0.6906821535792117,-3.0608553943185326
Financials,-28.732201835522265,-2.575425174679075,-15.732597416885643,-24.03915709130888,-19.479887704223113,-18.234040010494297,-5.4729804741692885,-18.369841625990507
Consumer Services,-24.42758622043199,-5.347536433771545,-24.039157091308915,-12.693482804540317,-15.059611401520126,-15.460267226076297,-4.761134784062129,-13.96527531622969
Health Care,-22.69305708881318,-4.551803554742358,-19.479887704223096,-15.05961140152014,-10.923658546686015,-14.620903868565312,2.289117512415295,-13.605798831615393
Utilities,-22.845040453834326,-4.212350299085125,-18.23404001049434,-15.460267226076267,-14.62090386856529,-7.115784760595264,-0.16473446840711622,-12.542480026218291
Oil & Gas,-0.3296655486313117,0.6906821535792117,-5.4729804741692885,-4.761134784062129,2.289117512415295,-0.16473446840711622,-0.6822276424511895,-2.6856179129113293
Consumer Goods,-19.504332805830206,-3.0608553943185286,-18.36984162599053,-13.96527531622969,-13.605798831615362,-12.542480026218282,-2.6856179129113293,-6.902139560947815
